Type,Title,URL,Content
Link,Skip to content,#main-content,
Link,Advertisement,https://www.bbc.com/usingthebbc/cookies/,
Link,British Broadcasting Corporation,https://www.bbc.com/,
Link,Register,https://session.bbc.com/session?action=register&userOrigin=BBCS_BBC&ptrt=https%3A%2F%2Fwww.bbc.com%2Fnews,
Link,Sign In,https://session.bbc.com/session?userOrigin=BBCS_BBC&ptrt=https%3A%2F%2Fwww.bbc.com%2Fnews,
Link,Home,https://www.bbc.com/,
Link,News,https://www.bbc.com/news,
Link,US Election,https://www.bbc.com/news/topics/cj3ergr8209t,
Link,Sport,https://www.bbc.com/sport,
Link,Business,https://www.bbc.com/business,
Link,Innovation,https://www.bbc.com/innovation,
Link,Culture,https://www.bbc.com/culture,
Link,Arts,https://www.bbc.com/arts,
Link,Travel,https://www.bbc.com/travel,
Link,Earth,https://www.bbc.com/future-planet,
Link,Video,https://www.bbc.com/video,
Link,Live,https://www.bbc.com/live,
Link,Home,https://www.bbc.com/home,
Link,News,https://www.bbc.com/news,
Link,Israel-Gaza War,https://www.bbc.com/news/topics/c2vdnvdg6xxt,
Link,War in Ukraine,https://www.bbc.com/news/war-in-ukraine,
Link,US & Canada,https://www.bbc.com/news/us-canada,
Link,UK,https://www.bbc.com/news/uk,
Link,UK Politics,https://www.bbc.com/news/politics,
Link,England,https://www.bbc.com/news/england,
Link,N. Ireland,https://www.bbc.com/news/northern_ireland,
Link,N. Ireland Politics,https://www.bbc.com/news/northern_ireland/northern_ireland_politics,
Link,Scotland,https://www.bbc.com/news/scotland,
Link,Scotland Politics,https://www.bbc.com/news/scotland/scotland_politics,
Link,Wales,https://www.bbc.com/news/wales,
Link,Wales Politics,https://www.bbc.com/news/wales/wales_politics,
Link,Africa,https://www.bbc.com/news/world/africa,
Link,Asia,https://www.bbc.com/news/world/asia,
Link,China,https://www.bbc.com/news/world/asia/china,
Link,India,https://www.bbc.com/news/world/asia/india,
Link,Australia,https://www.bbc.com/news/world/australia,
Link,Europe,https://www.bbc.com/news/world/europe,
Link,Latin America,https://www.bbc.com/news/world/latin_america,
Link,Middle East,https://www.bbc.com/news/world/middle_east,
Link,In Pictures,https://www.bbc.com/news/in_pictures,
Link,BBC InDepth,https://www.bbc.com/news/bbcindepth,
Link,BBC Verify,https://www.bbc.com/news/reality_check,
Link,US Election,https://www.bbc.com/news/topics/cj3ergr8209t,
Link,Election polls,https://www.bbc.com/undefined,
Link,Kamala Harris,https://www.bbc.com/news/topics/c34k011x7rrt,
Link,Donald Trump,https://www.bbc.com/news/topics/cp7r8vgl2lgt,
Link,JD Vance,https://www.bbc.com/news/topics/c79wd85wg8et,
Link,Tim Walz,https://www.bbc.com/news/topics/cwywpe90nnyt,
Link,Sport,https://www.bbc.com/sport,
Link,Business,https://www.bbc.com/business,
Link,Executive Lounge,https://www.bbc.com/business/executive-lounge,
Link,Technology of Business,https://www.bbc.com/business/technology-of-business,
Link,Women at the Helm,https://www.bbc.com/business/women-at-the-helm,
Link,Future of Business,https://www.bbc.com/business/future-of-business,
Link,Innovation,https://www.bbc.com/innovation,
Link,Technology,https://www.bbc.com/innovation/technology,
Link,Science & Health,https://www.bbc.com/innovation/science,
Link,Artificial Intelligence,https://www.bbc.com/innovation/artificial-intelligence,
Link,AI v the Mind,https://www.bbc.com/innovation/ai-v-the-mind,
Link,Culture,https://www.bbc.com/culture,
Link,Film & TV,https://www.bbc.com/culture/film-tv,
Link,Music,https://www.bbc.com/culture/music,
Link,Art & Design,https://www.bbc.com/culture/art,
Link,Style,https://www.bbc.com/culture/style,
Link,Books,https://www.bbc.com/culture/books,
Link,Entertainment News,https://www.bbc.com/culture/entertainment-news,
Link,Arts,https://www.bbc.com/arts,
Link,Arts in Motion,https://www.bbc.com/arts/arts-in-motion,
Link,Travel,https://www.bbc.com/travel,
Link,Destinations,https://www.bbc.com/travel/destinations,
Link,Africa,https://www.bbc.com/travel/destinations/africa,
Link,Antarctica,https://www.bbc.com/travel/destinations/antarctica,
Link,Asia,https://www.bbc.com/travel/destinations/asia,
Link,Australia and Pacific,https://www.bbc.com/travel/destinations/australia-and-pacific,
Link,Caribbean & Bermuda,https://www.bbc.com/travel/destinations/caribbean,
Link,Central America,https://www.bbc.com/travel/destinations/central-america,
Link,Europe,https://www.bbc.com/travel/destinations/europe,
Link,Middle East,https://www.bbc.com/travel/destinations/middle-east,
Link,North America,https://www.bbc.com/travel/destinations/north-america,
Link,South America,https://www.bbc.com/travel/destinations/south-america,
Link,World’s Table,https://www.bbc.com/travel/worlds-table,
Link,Culture & Experiences,https://www.bbc.com/travel/cultural-experiences,
Link,Adventures,https://www.bbc.com/travel/adventures,
Link,The SpeciaList,https://www.bbc.com/travel/specialist,
Link,Earth,https://www.bbc.com/future-planet,
Link,Natural Wonders,https://www.bbc.com/future-planet/natural-wonders,
Link,Weather & Science,https://www.bbc.com/future-planet/weather-science,
Link,Climate Solutions,https://www.bbc.com/future-planet/solutions,
Link,Sustainable Business,https://www.bbc.com/future-planet/sustainable-business,
Link,Green Living,https://www.bbc.com/future-planet/green-living,
Link,Video,https://www.bbc.com/video,
Link,Live,https://www.bbc.com/live,
Link,Live News,https://www.bbc.com/live/news,
Link,Live Sport,https://www.bbc.com/live/sport,
Link,Register,https://session.bbc.com/session?action=register&userOrigin=BBCS_BBC,
Link,Sign In,https://session.bbc.com/session?userOrigin=BBCS_BBC,
Link,Home,https://www.bbc.com/,
Link,US Election,https://www.bbc.com/news/topics/cj3ergr8209t,
Link,Sport,https://www.bbc.com/sport,
Link,Video,https://www.bbc.com/video,
Link,Audio,https://www.bbc.co.uk/sounds,
Link,Weather,https://www.bbc.com/weather,
Link,Newsletters,https://www.bbc.com/newsletters,
Link,"LIVEIsrael and Hezbollah report clashes near Lebanese border as air strikes hit BeirutHezbollah also says it has fired rockets at Haifa in Israel, while Israeli air strikes reportedly kill a Hamas leader in northern Lebanon.",https://www.bbc.com/news/live/c748xq4lgzyt,
Link,The week that pushed the Middle East closer to all-out warThere have been many moments of extreme danger over the past year. This is the worst.14 hrs agoMiddle East,https://www.bbc.com/news/articles/c0r89qwwx2lo,
Link,The Polish artist who painted Hindu gods in Indian palacesStefan Norblin painted beautiful murals in the art deco style for Indian maharajas in the 1940s.13 hrs agoAsia,https://www.bbc.com/news/articles/c8xe17pegrno,
Link,"Dolly Parton announces $1m donation to Hurricane Helene recoveryThe singer says she was ""heartbroken"" by the destruction wrought in the US by the powerful storm.30 mins agoUS & Canada",https://www.bbc.com/news/articles/cpdq65185qdo,
Link,"The racist AI deepfake that fooled and divided a communityAlmost a year after a fake clip of a high school principal went viral, the impact on an American town lingers.13 hrs agoUS & Canada",https://www.bbc.com/news/articles/ckg9k5dv1zdo,
Link,The week that pushed the Middle East closer to all-out warThere have been many moments of extreme danger over the past year. This is the worst.14 hrs agoMiddle East,https://www.bbc.com/news/articles/c0r89qwwx2lo,
Link,"Could the deaths of 20 school children help make Thailand's roads safer?Investigators found a series of safety failures following the accident, leaving the country shocked.10 hrs agoAsia",https://www.bbc.com/news/articles/c5y0jm7jpx8o,
Link,"Keeping lawns neat in front of burned homes - a year on at kibbutz where Hamas killed 101A year since scores of people were killed here, the collective is splintered - psychologically and physically.13 hrs agoMiddle East",https://www.bbc.com/news/articles/c30305l5jqpo,
Link,"Months on, Trump shooting witness still stunned by security lapseGreg Smith went viral with his account of the assassination attempt in Pennsylvania. He speaks again to the BBC.13 hrs agoUS & Canada",https://www.bbc.com/news/videos/cwy91d1g057o,
Link,The Polish artist who painted Hindu gods in Indian palacesStefan Norblin painted beautiful murals in the art deco style for Indian maharajas in the 1940s.13 hrs agoAsia,https://www.bbc.com/news/articles/c8xe17pegrno,
Link,Parkrun: The local jog that became a worldwide hit12 hrs agoEngland,https://www.bbc.com/news/articles/c80r3myl990o,
Link,Daniel Day-Lewis and Sean Bean film shoot hit by parking fine3 hrs agoCulture,https://www.bbc.com/news/articles/cvgxj1jy71zo,
Link,LIVEPremier League: Liverpool in front at Crystal Palace through early Jota goal,https://www.bbc.com/sport/football/live/cy76dplpd2vt,
Link,Tennis star and style icon Lea Pericoli dies4 hrs agoEurope,https://www.bbc.com/news/articles/c5y92qzr562o,
Link,Biden: 'I don't know' if Netanyahu is trying to sway US election12 hrs agoWorld,https://www.bbc.com/news/articles/cje3zl0dq2ko,
Link,Lebanon hospitals close as Israeli strikes hit health facilitiesThe World Health Organisation says at least 37 facilities have shut and dozens of medical staff have died.3 hrs agoMiddle East,https://www.bbc.com/news/articles/c30lj9m300vo,
Link,"Iran's leader defends strikes on Israel in rare public speechAddressing a vast crowd in Tehran, Ayatollah Khamenei says the attacks were the ""minimum punishment"".1 day agoMiddle East",https://www.bbc.com/news/articles/c04pvp5qr6no,
Link,"Missile attack on Israel lays bare deep divisions among IraniansSocial media users express a mixture of pride, uncertainty and fear after Iran's strike on Israel.2 days agoMiddle East",https://www.bbc.com/news/articles/cqjrwg9dly1o,
Link,"BBC crew run for cover after gunfire heard across Lebanon-Israel borderThey were filming on the Israeli side of the border, close to where clashes had been reported.1 day agoMiddle East",https://www.bbc.com/news/videos/cy945jr0ngqo,
Link,Israeli strike hits key road used to flee LebanonIsrael's military says the crossing point with Syria was being used by Hezbollah to smuggle in weapons.1 day agoMiddle East,https://www.bbc.com/news/articles/cx20d0r8rvro,
Link,"As communist China turns 75, can Xi fix its economy?Plans announced by officials sparked a stock market rally but economists are unsure it is enough.2 days agoBusiness",https://www.bbc.com/news/articles/c3dvrxg8mllo,
Link,How shy Aussie kid Ricciardo became F1's golden boyRicciardo leaves F1 as one of its most successful and popular drivers and a legend of Australian sport.2 days agoAustralia,https://www.bbc.com/news/articles/cx25xjkpr8jo,
Link,Married at First Sight counselling 'nothing like the real thing'To what extent is the advice given on MAFS similar to the therapy that happens in a real counselling room?13 hrs agoCulture,https://www.bbc.com/news/articles/c4glkklvjrvo,
Link,Chad exploits Russian-Western rivalry to its advantagePresident Mahamat Déby is getting closer to Moscow with the US and France nervously looking on.12 hrs agoWorld,https://www.bbc.com/news/articles/cx2kr40nlkpo,
Link,"Trump returns to scene of shooting - and a town trying to healThe mood in Butler, Pennsylvania, is a mixture of guilt and grief ahead of Trump's return.7 hrs agoUS & Canada",https://www.bbc.com/news/articles/cx20dr33xjeo,
Link,How shy Aussie kid Ricciardo became F1's golden boyRicciardo leaves F1 as one of its most successful and popular drivers and a legend of Australian sport.2 days agoAustralia,https://www.bbc.com/news/articles/cx25xjkpr8jo,
Link,"Should you tip even if the service wasn't worth it?There are no set rules when it comes to tipping but here's what hospitality staff, customers and experts have to say.15 hrs agoBusiness",https://www.bbc.com/news/articles/cz7jr4125wzo,
Link,"How India became a Test cricket powerhouseMore than 90 years after its first Test match, India boasts more victories in the format than losses.2 days agoAsia",https://www.bbc.com/news/articles/cz6w0lygq22o,
Link,Married at First Sight counselling 'nothing like the real thing'To what extent is the advice given on MAFS similar to the therapy that happens in a real counselling room?13 hrs agoCulture,https://www.bbc.com/news/articles/c4glkklvjrvo,
Link,"1Months on, Trump shooting witness still stunned by security lapse",https://www.bbc.com/news/videos/cwy91d1g057o,
Link,2Ian Hislop laughs off taxi 'shooting' incident,https://www.bbc.com/news/videos/c70zr1x4449o,
Link,3Watch: Ten-year-old drives stolen car through playground,https://www.bbc.com/news/videos/cg78v0l5gxvo,
Link,4Hidden runway bomb explodes just after plane takes off,https://www.bbc.com/news/videos/cy430j48kjyo,
Link,5Watch: Dangerous driving caught on camera,https://www.bbc.com/news/videos/c89l8v3qd7go,
Link,How a stale A$17.50 cookie sparked a social media stormThe doughy drama has left foodies and influencers scratching their heads in Australia.1 day agoAustralia,https://www.bbc.com/news/articles/cvglmr40lzlo,
Link,"Political row erupts over Hurricane Helene disaster reliefTrump slams Fema for spending money on migrants, but the agency says those funds did not come from its hurricane relief.10 hrs agoUS & Canada",https://www.bbc.com/news/articles/c5y3qgqxpwno,
Link,Northern Lights possible as solar storms gatherThe largest solar flare since 2017 has been spotted erupting from the Sun’s surface.1 day agoScience & Environment,https://www.bbc.com/news/articles/cy437gnp28zo,
Link,"Watch: Elephants escape floodwaters in ThailandThe elephants were evacuated from flash flooding at a sanctuary near Chiang Mai, Thailand.1 day agoAsia",https://www.bbc.com/news/videos/c99v7003vdyo,
Link,WHO approves first mpox test for quick diagnosisLack of testing and delays in getting the results have made curbing the virus's spread harder.1 day agoAfrica,https://www.bbc.com/news/articles/c2436p21j90o,
Link,"Political row erupts over Hurricane Helene disaster reliefTrump slams Fema for spending money on migrants, but the agency says those funds did not come from its hurricane relief.10 hrs agoUS & Canada",https://www.bbc.com/news/articles/c5y3qgqxpwno,
Link,Watch: Dangerous driving caught on camera in UKMore people are being prosecuted for dangerous driving thanks to a huge increase in footage submitted to police by the public.1 day agoUK,https://www.bbc.com/news/videos/c89l8v3qd7go,
Link,"Women in Submarine Service suffered misogyny and bullying, Royal Navy findsAdmiral Sir Ben Key said: ""We must be better than this and do better than we have.""19 hrs agoUK",https://www.bbc.com/news/articles/c9wk7ljzg2do,
Link,Northern Lights possible as solar storms gatherThe largest solar flare since 2017 has been spotted erupting from the Sun’s surface.1 day agoScience & Environment,https://www.bbc.com/news/articles/cy437gnp28zo,
Link,1The week that pushed the Middle East closer to all-out war,https://www.bbc.com/news/articles/c0r89qwwx2lo,
Link,2Biden: 'I don't know' if Netanyahu is trying to sway US election,https://www.bbc.com/news/articles/cje3zl0dq2ko,
Link,3What might happen next with conflict in the Middle East? 10 experts share their analysis,https://www.bbc.com/news/articles/clylzx1xz2yo,
Link,4The racist AI deepfake that fooled and divided a community,https://www.bbc.com/news/articles/ckg9k5dv1zdo,
Link,5US election polls: Who is ahead - Harris or Trump?,https://www.bbc.com/news/articles/cj4x71znwxdo,
Link,6US warships and planes strike Houthi targets in Yemen,https://www.bbc.com/news/articles/cx2ld3wxeyqo,
Link,7Could the deaths of 20 school children help make Thailand's roads safer?,https://www.bbc.com/news/articles/c5y0jm7jpx8o,
Link,8Parkrun: The local jog that became a worldwide hit,https://www.bbc.com/news/articles/c80r3myl990o,
Link,9Day-Lewis film shoot ticketed by traffic wardens,https://www.bbc.com/news/articles/cvgxj1jy71zo,
Link,10Lebanon hospitals close as Israeli strikes hit health facilities,https://www.bbc.com/news/articles/c30lj9m300vo,
Link,LIVEPremier League: Liverpool in front at Crystal Palace through early Jota goalFollow live as Crystal Palace host Liverpool in the first of seven Premier League games on Saturday.,https://www.bbc.com/sport/football/live/cy76dplpd2vt,
Link,Captain Stokes out of first Test as Carse debutsEngland captain Ben Stokes is out of the first Test against Pakistan after failing to recover from a hamstring injury in time.4 hrs agoCricket,https://www.bbc.com/sport/cricket/articles/cvgl8d5g1rvo,
Link,"LIVEChampionship: Norwich 2-0 up against Hull, Pompey miss penaltyFollow live text & score updates from 10 games in the Championship, including three matches at 12:30 BST.",https://www.bbc.com/sport/live/cly4zn5x5qzt,
Link,"LIVEWSL: Parris scores first Brighton goal to cancel out Daly openerFollow live text and radio commentary, score updates and match stats from Brighton & Hove Albion vs Aston Villa in the Women's Super League.",https://www.bbc.com/sport/football/live/cq8xepq33g2t,
Link,Gauff fights back to reach China Open finalFourth seed Coco Gauff comes from a set and a break down to beat Paula Badosa and reach her first China Open final.2 hrs agoTennis,https://www.bbc.com/sport/tennis/articles/c1jd97g25z8o,
Link,Captain Stokes out of first Test as Carse debutsEngland captain Ben Stokes is out of the first Test against Pakistan after failing to recover from a hamstring injury in time.4 hrs agoCricket,https://www.bbc.com/sport/cricket/articles/cvgl8d5g1rvo,
Link,"LIVEWomen's T20 World Cup: Australia v Sri LankaFollow live text, in-play video clips and radio commentary as Australia face Sri Lanka in the T20 World Cup in Sharjah.",https://www.bbc.com/sport/cricket/live/crg7p3j1j8kt,
Link,"Ten Hag decision 'not my call' - RatcliffeManchester United co-owner Sir Jim Ratcliffe says the future of under-pressure manager Erik ten Hag is ""not my call"".21 hrs agoMan Utd",https://www.bbc.com/sport/football/articles/cden69x385lo,
Link,"LIVEChampionship: Norwich 2-0 up against Hull, Pompey miss penaltyFollow live text & score updates from 10 games in the Championship, including three matches at 12:30 BST.",https://www.bbc.com/sport/live/cly4zn5x5qzt,
Link,British Broadcasting Corporation,https://www.bbc.com/,
Link,Home,https://www.bbc.com/,
Link,News,https://www.bbc.com/news,
Link,US Election,https://www.bbc.com/news/topics/cj3ergr8209t,
Link,Sport,https://www.bbc.com/sport,
Link,Business,https://www.bbc.com/business,
Link,Innovation,https://www.bbc.com/innovation,
Link,Culture,https://www.bbc.com/culture,
Link,Arts,https://www.bbc.com/arts,
Link,Travel,https://www.bbc.com/travel,
Link,Earth,https://www.bbc.com/future-planet,
Link,Video,https://www.bbc.com/video,
Link,Live,https://www.bbc.com/live,
Link,Audio,https://www.bbc.co.uk/sounds,
Link,Weather,https://www.bbc.com/weather,
Link,BBC Shop,https://shop.bbc.com/,
Link,Terms of Use,https://www.bbc.co.uk/usingthebbc/terms,
Link,About the BBC,https://www.bbc.co.uk/aboutthebbc,
Link,Privacy Policy,https://www.bbc.com/usingthebbc/privacy/,
Link,Cookies,https://www.bbc.com/usingthebbc/cookies/,
Link,Accessibility Help,https://www.bbc.co.uk/accessibility/,
Link,Contact the BBC,https://www.bbc.co.uk/contact,
Link,Advertise with us,https://www.bbc.com/advertisingcontact,
Link,Do not share or sell my info,https://www.bbc.com/usingthebbc/cookies/how-can-i-change-my-bbc-cookie-settings/,
Link,Contact technical support,https://www.bbc.com/contact-bbc-com-help,
Link,Read about our approach to external linking.,https://www.bbc.co.uk/editorialguidelines/guidance/feeds-and-links,
Paragraph,,,"Hezbollah also says it has fired rockets at Haifa in Israel, while Israeli air strikes reportedly kill a Hamas leader in northern Lebanon."
Paragraph,,,There have been many moments of extreme danger over the past year. This is the worst.
Paragraph,,,Stefan Norblin painted beautiful murals in the art deco style for Indian maharajas in the 1940s.
Paragraph,,,"The singer says she was ""heartbroken"" by the destruction wrought in the US by the powerful storm."
Paragraph,,,"Almost a year after a fake clip of a high school principal went viral, the impact on an American town lingers."
Paragraph,,,There have been many moments of extreme danger over the past year. This is the worst.
Paragraph,,,"Investigators found a series of safety failures following the accident, leaving the country shocked."
Paragraph,,,"A year since scores of people were killed here, the collective is splintered - psychologically and physically."
Paragraph,,,Greg Smith went viral with his account of the assassination attempt in Pennsylvania. He speaks again to the BBC.
Paragraph,,,Stefan Norblin painted beautiful murals in the art deco style for Indian maharajas in the 1940s.
Paragraph,,,The World Health Organisation says at least 37 facilities have shut and dozens of medical staff have died.
Paragraph,,,"Addressing a vast crowd in Tehran, Ayatollah Khamenei says the attacks were the ""minimum punishment""."
Paragraph,,,"Social media users express a mixture of pride, uncertainty and fear after Iran's strike on Israel."
Paragraph,,,"They were filming on the Israeli side of the border, close to where clashes had been reported."
Paragraph,,,Israel's military says the crossing point with Syria was being used by Hezbollah to smuggle in weapons.
Paragraph,,,Plans announced by officials sparked a stock market rally but economists are unsure it is enough.
Paragraph,,,Ricciardo leaves F1 as one of its most successful and popular drivers and a legend of Australian sport.
Paragraph,,,To what extent is the advice given on MAFS similar to the therapy that happens in a real counselling room?
Paragraph,,,President Mahamat Déby is getting closer to Moscow with the US and France nervously looking on.
Paragraph,,,"The mood in Butler, Pennsylvania, is a mixture of guilt and grief ahead of Trump's return."
Paragraph,,,Ricciardo leaves F1 as one of its most successful and popular drivers and a legend of Australian sport.
Paragraph,,,"There are no set rules when it comes to tipping but here's what hospitality staff, customers and experts have to say."
Paragraph,,,"More than 90 years after its first Test match, India boasts more victories in the format than losses."
Paragraph,,,To what extent is the advice given on MAFS similar to the therapy that happens in a real counselling room?
Paragraph,,,The doughy drama has left foodies and influencers scratching their heads in Australia.
Paragraph,,,"Trump slams Fema for spending money on migrants, but the agency says those funds did not come from its hurricane relief."
Paragraph,,,The largest solar flare since 2017 has been spotted erupting from the Sun’s surface.
Paragraph,,,"The elephants were evacuated from flash flooding at a sanctuary near Chiang Mai, Thailand."
Paragraph,,,Lack of testing and delays in getting the results have made curbing the virus's spread harder.
Paragraph,,,"Trump slams Fema for spending money on migrants, but the agency says those funds did not come from its hurricane relief."
Paragraph,,,More people are being prosecuted for dangerous driving thanks to a huge increase in footage submitted to police by the public.
Paragraph,,,"Admiral Sir Ben Key said: ""We must be better than this and do better than we have."""
Paragraph,,,The largest solar flare since 2017 has been spotted erupting from the Sun’s surface.
Paragraph,,,Follow live as Crystal Palace host Liverpool in the first of seven Premier League games on Saturday.
Paragraph,,,England captain Ben Stokes is out of the first Test against Pakistan after failing to recover from a hamstring injury in time.
Paragraph,,,"Follow live text & score updates from 10 games in the Championship, including three matches at 12:30 BST."
Paragraph,,,"Follow live text and radio commentary, score updates and match stats from Brighton & Hove Albion vs Aston Villa in the Women's Super League."
Paragraph,,,Fourth seed Coco Gauff comes from a set and a break down to beat Paula Badosa and reach her first China Open final.
Paragraph,,,England captain Ben Stokes is out of the first Test against Pakistan after failing to recover from a hamstring injury in time.
Paragraph,,,"Follow live text, in-play video clips and radio commentary as Australia face Sri Lanka in the T20 World Cup in Sharjah."
Paragraph,,,"Manchester United co-owner Sir Jim Ratcliffe says the future of under-pressure manager Erik ten Hag is ""not my call""."
Paragraph,,,"Follow live text & score updates from 10 games in the Championship, including three matches at 12:30 BST."
Paragraph,,,Copyright 2024 BBC. All rights reserved.TheBBCisnot responsible for the content of external sites.Read about our approach to external linking.
Paragraph,,,
Paragraph,,,
